<?xml version="1.0" encoding="UTF-8" standalone="yes"?>
<addon id="plugin.audio.ytmusic.exp"
       name="YT [COLOR red]Music[/COLOR] EXP"
       version="1.0~beta20"
       provider-name="ForeverGuest">
  <requires>
    <import addon="xbmc.python" version="3.0.0"/>
    <import addon="script.module.requests" version="1.1.0"/>
    <!--<import addon="script.module.web-pdb" version="1.5.6+matrix.1"/>-->
  </requires>
  <extension point="xbmc.python.pluginsource" library="resources/lib/addon.py">
    <provides>audio</provides>
  </extension>
  <extension point="xbmc.addon.metadata">
    <platform>all</platform>
    <summary lang="en">Experimental Youtube [COLOR red]Music[/COLOR] plugin</summary>
    <description lang="en">EXPerimental plugin that lets you play music from Youtube Music.</description>
    <news>
1.0~beta20 (2023-12-04)
- Fix an issue introduced in in 1.0~~beta18 that caused the 'search' context menu option to fail
- Re-enable context menu option to mark songs as thumbs up / down (liked / disliked)
- Update ytmusicapi to version `1.3.2`
- Added experimental feature to add songs to the YT library or remove them (depending on availability of feedback tokens)
- Added setting to control automatic reloading of the YT library after adding a song
    </news>
    <assets>
      <icon>resources/icon.png</icon>
      <fanart>resources/fanart.png</fanart>
    </assets>
  </extension>
</addon>
