<?xml version="1.0" encoding="UTF-8" standalone="yes"?>
<addon id="plugin.audio.ytmusic.exp"
       name="YT [COLOR red]Music[/COLOR] EXP"
       version="1.0~beta17"
       provider-name="ForeverGuest">
  <requires>
    <import addon="xbmc.python" version="3.0.0"/>
    <import addon="script.module.requests" version="1.1.0"/>
    <!--<import addon="script.module.web-pdb" version="1.5.6+matrix.1"/>-->
  </requires>
  <extension point="xbmc.python.pluginsource" library="resources/lib/addon.py">
    <provides>audio</provides>
  </extension>
  <extension point="xbmc.addon.metadata">
    <platform>all</platform>
    <summary lang="en">Experimental Youtube [COLOR red]Music[/COLOR] plugin</summary>
    <description lang="en">EXPerimental plugin that lets you play music from Youtube Music.</description>
    <news>
1.0~beta17 (2023-08-26)
- Apply another fix to PyTube cipher.py from PyTube discussions
- Add 'Artist subscriptions' menu item to YtMusic Library menu
- Extend navigability of artist search results
- Add subscribe / unsubscribe context menu to artst menu items
- Show albumart for album songs in search results
    </news>
    <assets>
      <icon>resources/icon.png</icon>
      <fanart>resources/fanart.png</fanart>
    </assets>
  </extension>
</addon>
